k,inertia,silhouette_score
2,1464.3534708526765,0.4519275915788729
3,1222.6468227357773,0.314573982699748
4,1064.1952724132302,0.3062468496678287
5,950.8155187218902,0.28992337459678696
6,876.5479918085432,0.2887859259757835
7,820.0195829139619,0.19653255365677424
8,767.1409587288501,0.2046998910212737
