component,explained_variance_ratio
PC1,0.49773064742942436
PC2,0.1636740063670753
