risk_tier,n_country_origins,n_countries,n_origins,mean_risk_score,mean_current_score,mean_actual_next_score,mean_actual_delta,pressure_rose_share,direction_hit_share,mean_forecast_abs_error
Alert,26,7,12,5.961538461538462,1.5219635231620086,1.1580709837498495,-0.3638925394121592,0.2692307692307692,0.6923076923076923,0.4616217609535554
Watch,41,12,17,3.317073170731707,0.05050188753794941,0.02022401170617096,-0.030277875831778458,0.4878048780487805,0.6097560975609756,0.35380951620628986
Monitor,73,12,24,1.9589041095890412,-0.4301097901540963,-0.35961918590526454,0.07049060424883169,0.6301369863013698,0.7397260273972602,0.2955945507524732
Normal,146,11,22,0.565068493150685,-0.5563187912969388,-0.604849375051026,-0.048530583754087205,0.410958904109589,0.636986301369863,0.24382577554643303
