risk_tier,n_country_origins,n_countries,n_origins,mean_risk_score,mean_current_score,mean_actual_next_score,mean_actual_delta,pressure_rose_share,direction_hit_share,mean_forecast_abs_error
Alert,26,7,12,5.903846153846154,1.5219635231620086,1.1580709837498493,-0.3638925394121592,0.2692307692307692,0.6923076923076923,0.46302989119656457
Watch,40,12,17,3.35,0.049358998367672616,0.023363318496125485,-0.025995679871547127,0.5,0.625,0.3518963621990222
Monitor,78,12,24,1.9679487179487178,-0.43946147916635553,-0.34687699847880304,0.0925844806875525,0.6282051282051282,0.7307692307692307,0.31020254218468146
Normal,142,11,22,0.5598591549295775,-0.551030601276601,-0.616965857092109,-0.06593525581550806,0.4014084507042254,0.6267605633802817,0.23463287532787092
